id,first_name,last_name,email,gender,salary
1,Carlye,Baiyle,cbaiyle0@tripod.com,F,224511
2,Sven,,skinnerley1@about.com,M,333294
3,Annmarie,Marusic,amarusic2@cyberchimps.com,F,310723
4,Robert,Putley,rputley3@economist.com,M,521754
5,Lurline,Coite,lcoite4@ask.com,F,207699
6,Allene,Rego,arego5@topsy.com,F,242882
7,Jeanine,Kenshole,jkenshole6@jalbum.net,F,434885
8,Henderson,Bootland,hbootland7@seesaa.net,M,369184
9,Estelle,Roussel,eroussel8@hp.com,F,392676
10,Marijn,Webermann,mwebermann9@freewebs.com,M,112013
11,Murdock,Roblin,mroblina@reuters.com,M,80112
12,Cally,Fanshawe,cfanshaweb@shareasale.com,F,445050
13,Georges,Jaqueme,gjaquemec@vkontakte.ru,M,
14,Orbadiah,Geard,ogeardd@google.cn,M,435490
15,Tuck,Norree,tnorreee@google.pl,M,341108
16,Cleopatra,Dennington,cdenningtonf@bizjournals.com,F,573556
17,Ber,Baine,bbaineg@symantec.com,M,434989
18,Mohandas,Skipper,mskipperh@ebay.com,M,323367
19,Jacenta,Harrell,jharrelli@go.com,F,575828
20,Regen,Edmundson,redmundsonj@photobucket.com,,532272
21,Taddeusz,McQuorkel,tmcquorkelk@taobao.com,M,596297
22,Deane,Holah,dholahl@bravesites.com,M,360126
23,Josiah,Linford,jlinfordm@unicef.org,M,318326
24,Jemmie,McMurrugh,jmcmurrughn@psu.edu,F,551517
25,Major,Spacey,mspaceyo@ocn.ne.jp,M,488164
26,Nedi,Monro,nmonrop@dailymotion.com,F,224616
27,Minnaminnie,Latch,mlatchq@mit.edu,F,595452
28,Andrej,Woodhead,awoodheadr@deliciousdays.com,M,479591
29,Woodman,Lismore,wlismores@microsoft.com,M,
30,Gail,MacKinnon,gmackinnont@wufoo.com,M,221884
31,Brook,Longridge,blongridgeu@si.edu,F,189476
32,Bendick,Gorringe,bgorringev@sogou.com,M,144665
33,Alvina,Allsobrook,aallsobrookw@domainmarket.com,F,327750
34,Boot,Ellerington,belleringtonx@hugedomains.com,M,375548
35,Marja,Raffeorty,mraffeortyy@cpanel.net,,181305
36,Goran,Ghilks,gghilksz@pcworld.com,M,228946
37,Beck,Owers,bowers10@webmd.com,M,
38,Tulley,Blaxton,tblaxton11@scribd.com,M,423028
39,Davis,Goldson,dgoldson12@soundcloud.com,M,228279
40,Brody,Backwell,bbackwell13@canalblog.com,M,590607
41,Carolyn,Buttwell,cbuttwell14@surveymonkey.com,F,
42,Janos,Heaker,jheaker15@nytimes.com,M,85984
43,Erastus,Crossthwaite,ecrossthwaite16@bloglines.com,M,118383
44,Tansy,Welch,twelch17@ifeng.com,F,291054
45,Gregor,Wein,gwein18@fc2.com,M,247078
46,Si,Moggach,smoggach19@marketwatch.com,M,113802
47,Helaina,Besson,hbesson1a@sogou.com,F,
48,Emalee,Broadfield,ebroadfield1b@nationalgeographic.com,F,441742
49,Claudelle,Vannikov,cvannikov1c@lulu.com,F,70952
50,Myles,Balcock,mbalcock1d@nytimes.com,M,82380
51,Jade,,jhargreves1e@ameblo.jp,F,510043
52,Abba,Dempsey,adempsey1f@cocolog-nifty.com,M,486890
53,Derril,Whiffin,dwhiffin1g@seattletimes.com,M,213708
54,Tricia,Sydney,tsydney1h@phoca.cz,F,447190
55,Fleurette,Marchbank,fmarchbank1i@answers.com,F,488325
56,Blair,Storm,bstorm1j@theglobeandmail.com,F,251766
57,Paule,Brader,pbrader1k@is.gd,F,129052
58,Bent,Pettyfer,bpettyfer1l@home.pl,M,593125
59,Alecia,Springthorp,aspringthorp1m@people.com.cn,F,162767
60,Faulkner,Glackin,fglackin1n@youtube.com,M,540262
61,Rebeca,Eccleshare,reccleshare1o@xinhuanet.com,F,192862
62,Fara,Pinxton,fpinxton1p@4shared.com,F,304730
63,Reggis,Canelas,rcanelas1q@sitemeter.com,M,
64,Farly,Djurdjevic,fdjurdjevic1r@berkeley.edu,M,490337
65,Aloysia,Stocky,astocky1s@free.fr,F,572964
66,Tobiah,Chesser,tchesser1t@upenn.edu,M,359407
67,Lily,Rickesies,lrickesies1u@ycombinator.com,F,432980
68,Jethro,Jachimczak,jjachimczak1v@t-online.de,M,110922
69,Tarah,Cabrales,tcabrales1w@amazonaws.com,F,161872
70,Pavlov,Clougher,pclougher1x@rakuten.co.jp,M,
71,Felicio,Gives,fgives1y@accuweather.com,M,117443
72,Dominick,Dyer,ddyer1z@deviantart.com,M,55316
73,Jackelyn,Pickthorne,jpickthorne20@google.it,F,388489
74,Skell,Mathou,smathou21@google.com.br,M,53136
75,Heall,Lemary,hlemary22@netvibes.com,M,424979
76,Mable,Moyce,mmoyce23@dmoz.org,F,457659
77,Zelig,Landis,zlandis24@gov.uk,M,552117
78,Townsend,Newall,tnewall25@europa.eu,M,389550
79,Arley,Cowmeadow,acowmeadow26@weebly.com,M,564762
80,Daven,Crannach,dcrannach27@admin.ch,M,
81,Lawry,Pacey,lpacey28@apache.org,M,538299
82,Darci,Schlagman,dschlagman29@marriott.com,F,206864
83,Fax,Grishenkov,fgrishenkov2a@sourceforge.net,M,281886
84,Hurlee,Sobtka,hsobtka2b@cpanel.net,M,519009
85,Gustav,Sussams,gsussams2c@zdnet.com,M,264313
86,Myer,Crimmins,mcrimmins2d@ustream.tv,M,472477
87,Emmott,Hinge,ehinge2e@domainmarket.com,M,351422
88,Inglebert,Osborn,iosborn2f@posterous.com,M,70565
89,Meade,McNaughton,mmcnaughton2g@ezinearticles.com,F,
90,Wilhelm,Parrish,wparrish2h@cdbaby.com,M,404427
91,Wally,Winterbottom,wwinterbottom2i@yahoo.co.jp,F,438073
92,Guglielmo,Kehoe,gkehoe2j@geocities.jp,,472723
93,Anthiathia,O'Halligan,aohalligan2k@homestead.com,F,368826
94,Ky,Coney,kconey2l@deliciousdays.com,M,
95,Kirstyn,January 1st,kjanuaryst2m@ibm.com,F,368870
96,Horacio,Truman,htruman2n@rediff.com,M,370093
97,Powell,Guidoni,pguidoni2o@java.com,M,484958
98,Jane,Ferriday,jferriday2p@nature.com,F,417642
99,Verge,Fullom,vfullom2q@geocities.jp,M,141423
100,Joann,Bill,jbill2r@hud.gov,F,350449
101,Ebba,Boatright,eboatright2s@accuweather.com,F,545638
102,Ilise,Egel,iegel2t@patch.com,F,
103,Erda,Calderon,ecalderon2u@census.gov,F,73334
104,Sophie,Itscowicz,sitscowicz2v@omniture.com,F,570816
105,Audrie,Rattrie,arattrie2w@nih.gov,F,141815
106,Biddie,Bolletti,bbolletti2x@amazonaws.com,F,221987
107,Rosalynd,Lidbetter,rlidbetter2y@tuttocitta.it,F,171667
108,Danyelle,Gajownik,dgajownik2z@gov.uk,F,
109,Jdavie,Belvard,jbelvard30@cnet.com,M,454472
110,Pavel,Foden,pfoden31@mtv.com,M,
111,Perla,Sugge,psugge32@skype.com,F,541385
112,Lissi,Colter,lcolter33@kickstarter.com,,
113,Sibyl,Plaschke,splaschke34@go.com,M,
114,Julee,Lorden,jlorden35@ehow.com,F,284423
115,Rafe,Hixley,rhixley36@salon.com,M,569407
116,Ewan,Aitkin,eaitkin37@booking.com,M,163789
117,Vita,Ashbolt,vashbolt38@hao123.com,,115660
118,Donall,Burk,dburk39@wp.com,M,417143
119,Garrett,Quernel,gquernel3a@gizmodo.com,M,528402
120,Mordy,Hoggan,mhoggan3b@amazonaws.com,M,
121,Pernell,Gawkes,pgawkes3c@jalbum.net,M,
122,Davina,Haborn,dhaborn3d@mayoclinic.com,F,468364
123,Rhianon,George,rgeorge3e@cpanel.net,F,300585
124,Tymothy,Sellor,tsellor3f@theatlantic.com,M,
125,Moe,Inchbald,minchbald3g@eepurl.com,M,495925
126,Winnie,Trehearn,wtrehearn3h@uiuc.edu,M,121021
127,Roxy,Kovacs,rkovacs3i@vinaora.com,F,418458
128,Yovonnda,Laurentin,ylaurentin3j@netscape.com,F,53212
129,Zane,Autry,zautry3k@angelfire.com,M,334650
130,Brandise,Fattore,bfattore3l@mozilla.com,F,542515
131,Hubey,Pitts,hpitts3m@cyberchimps.com,M,189206
132,Damien,Jeannin,djeannin3n@sphinn.com,M,136527
133,Lanie,,lelia3o@tiny.cc,F,557071
134,Jeanette,Micco,jmicco3p@washington.edu,F,217807
135,Beckie,Scullion,bscullion3q@drupal.org,F,281787
136,Michelina,Luety,mluety3r@yolasite.com,F,
137,Erich,Hubery,ehubery3s@theglobeandmail.com,M,72332
138,Neill,Bride,nbride3t@histats.com,M,
139,Dewey,Rodolphe,drodolphe3u@cisco.com,M,458348
140,Ivonne,McGooch,imcgooch3v@examiner.com,F,129343
141,Othilia,Polet,opolet3w@vinaora.com,F,288139
142,Brewer,Carsey,bcarsey3x@twitter.com,M,520358
143,Guilbert,Perri,gperri3y@hatena.ne.jp,M,439876
144,Shaughn,Lunge,slunge3z@mac.com,M,275976
145,Alina,Conkie,aconkie40@washington.edu,F,369637
146,Amabelle,Klosges,aklosges41@ucsd.edu,F,262040
147,Iosep,Denford,idenford42@discuz.net,M,282847
148,Lindsay,Siburn,lsiburn43@jalbum.net,M,
149,Sarina,Redgate,sredgate44@dmoz.org,F,131672
150,Lulu,Endicott,lendicott45@amazon.de,F,291616
151,Danit,Domaschke,ddomaschke46@huffingtonpost.com,F,163836
152,Al,Neenan,aneenan47@fotki.com,M,415697
153,Nollie,Kilvington,nkilvington48@archive.org,F,529345
154,Allyce,Gianetti,agianetti49@timesonline.co.uk,F,
155,Conny,Yvon,cyvon4a@gravatar.com,F,209965
156,Adda,Skirling,askirling4b@qq.com,F,105588
157,Raye,Posselow,rposselow4c@infoseek.co.jp,F,206063
158,Kennie,Berthelmot,kberthelmot4d@mapquest.com,M,430279
159,Sharl,Koppen,skoppen4e@gizmodo.com,F,579137
160,Pedro,Scadden,pscadden4f@samsung.com,M,497996
161,Abbott,Perllman,aperllman4g@smugmug.com,M,
162,Roxanna,Roadknight,rroadknight4h@sciencedirect.com,F,273751
163,Lynelle,Baroch,lbaroch4i@yellowpages.com,F,473130
164,Whittaker,Buten,wbuten4j@youku.com,M,180936
165,Jeremiah,Kenion,jkenion4k@usda.gov,M,500434
166,Shelby,Keets,skeets4l@fastcompany.com,M,118645
167,Tallia,Dewsnap,tdewsnap4m@google.fr,F,239762
168,Filmore,Catonnet,fcatonnet4n@fema.gov,M,204632
169,Garret,Shutte,gshutte4o@ftc.gov,M,207937
170,Ivonne,Barwell,ibarwell4p@usatoday.com,F,108966
171,Valentijn,Freddi,vfreddi4q@gmpg.org,M,
172,Baird,Ciepluch,bciepluch4r@github.com,M,99942
173,Dolli,Neiland,dneiland4s@amazon.co.jp,F,473817
174,Rianon,Bentson,rbentson4t@furl.net,F,392559
175,Lanie,Chadbourne,lchadbourne4u@163.com,F,66392
176,Amie,Eye,aeye4v@chicagotribune.com,F,60145
177,Broderic,Vasishchev,bvasishchev4w@1688.com,M,
178,Janean,Redler,jredler4x@bizjournals.com,F,
179,Cinderella,Meaders,cmeaders4y@drupal.org,F,473406
180,Randall,Livsey,rlivsey4z@opera.com,M,237722
181,Isidoro,Mackiewicz,imackiewicz50@imageshack.us,M,304887
182,Diandra,Fayerman,dfayerman51@vk.com,F,248900
183,Gertie,Noor,gnoor52@state.tx.us,F,176804
184,Ardella,Sugarman,asugarman53@1und1.de,F,387147
185,Boote,Agass,bagass54@artisteer.com,M,162505
186,Kingsly,Dwane,kdwane55@cornell.edu,M,430453
187,Sheelagh,Hurburt,shurburt56@constantcontact.com,F,226161
188,Maison,Carden,mcarden57@istockphoto.com,M,263748
189,Harley,Mordey,hmordey58@addtoany.com,F,330778
190,Dur,Billingsly,dbillingsly59@google.co.jp,M,388279
191,Diana,Macilhench,dmacilhench5a@eepurl.com,F,349170
192,Alethea,Farnill,afarnill5b@sakura.ne.jp,F,453630
193,Kailey,Wittleton,kwittleton5c@state.tx.us,F,251323
194,Jewelle,Padillo,jpadillo5d@earthlink.net,F,187344
195,Selie,Febre,sfebre5e@guardian.co.uk,F,184467
196,Carmine,Spridgeon,cspridgeon5f@samsung.com,F,421992
197,Hilario,Paynes,hpaynes5g@furl.net,M,310461
198,Sky,Whitear,swhitear5h@home.pl,M,432671
199,Sly,Porcas,sporcas5i@feedburner.com,M,
200,Ira,Bellany,ibellany5j@vinaora.com,M,84259
201,Dorita,Muehler,dmuehler5k@cnn.com,F,417162
202,Gladys,Farnsworth,gfarnsworth5l@istockphoto.com,F,270051
203,Cecilia,Yanne,cyanne5m@angelfire.com,F,
204,Zena,Lummus,zlummus5n@infoseek.co.jp,F,82685
205,Gale,Larrie,glarrie5o@wix.com,F,
206,Thatch,Brundrett,tbrundrett5p@about.me,M,262074
207,Madeleine,Cann,mcann5q@hibu.com,F,
208,Brendan,Choake,bchoake5r@hhs.gov,M,158920
209,Leeland,Porcher,lporcher5s@comsenz.com,M,
210,Keely,Kinahan,kkinahan5t@howstuffworks.com,F,207421
211,Angeline,Billanie,abillanie5u@state.tx.us,F,247028
212,Pearla,Burgher,pburgher5v@123-reg.co.uk,F,240099
213,Chrissie,Panas,cpanas5w@cnbc.com,M,213030
214,Vassily,Vink,vvink5x@instagram.com,M,513237
215,Reinald,Wride,rwride5y@dedecms.com,M,75626
216,Gale,Kearle,gkearle5z@comsenz.com,F,503979
217,Yale,Guillon,yguillon60@google.de,M,96155
218,Tiertza,Skeat,tskeat61@drupal.org,F,101979
219,Harriette,Worswick,hworswick62@twitter.com,F,506647
220,Michal,Admans,madmans63@hhs.gov,F,
221,Ronald,Pighills,rpighills64@behance.net,M,422488
222,Tamra,Braunter,tbraunter65@ifeng.com,F,296324
223,Billy,Seal,bseal66@blogspot.com,M,492732
224,Grayce,Dutson,gdutson67@mashable.com,F,148378
225,Daven,Hosby,dhosby68@seattletimes.com,M,408673
226,Etty,Cristoforo,ecristoforo69@topsy.com,F,180388
227,Yolanda,Coltart,ycoltart6a@sun.com,F,204168
228,Garv,Rainbow,grainbow6b@netscape.com,M,112440
229,Any,Larrett,alarrett6c@unblog.fr,M,306517
230,Olivero,Holburn,oholburn6d@unblog.fr,M,215276
231,Doralynne,Dabels,ddabels6e@cnn.com,F,355698
232,Sibyl,Crus,scrus6f@youtube.com,F,211459
233,Silvano,Attow,sattow6g@zimbio.com,M,258972
234,Caspar,Waye,cwaye6h@walmart.com,M,366866
235,Auroora,Dossit,adossit6i@plala.or.jp,F,77030
236,Petronella,Chaster,pchaster6j@discovery.com,F,224903
237,Roderigo,Klimowski,rklimowski6k@tumblr.com,M,181551
238,Calley,Matijasevic,cmatijasevic6l@oakley.com,F,472858
239,Steve,Brand,sbrand6m@ycombinator.com,M,135876
240,Phylis,Goggen,pgoggen6n@arstechnica.com,F,
241,Eolanda,Greensitt,egreensitt6o@fda.gov,F,366376
242,Ulrica,Fontel,ufontel6p@timesonline.co.uk,F,
243,Collie,Farry,cfarry6q@fc2.com,F,70146
244,Thekla,Kobsch,tkobsch6r@geocities.com,F,569372
245,Even,Quibell,equibell6s@blogger.com,M,438700
246,Barr,Crickmoor,bcrickmoor6t@un.org,M,51076
247,Marjory,Barrett,mbarrett6u@mlb.com,F,419752
248,Isabella,Laban,ilaban6v@wiley.com,F,56882
249,Alvera,Glennie,aglennie6w@amazonaws.com,F,
250,Rafe,Whitwham,rwhitwham6x@google.nl,M,64547
251,Iolanthe,Rupel,irupel6y@meetup.com,F,476862
252,Sada,Lowthorpe,slowthorpe6z@discovery.com,F,291265
253,Jacquelin,Gauchier,jgauchier70@smh.com.au,F,
254,Gertrud,Rosenboim,grosenboim71@last.fm,F,
255,Kaiser,Bow,kbow72@woothemes.com,M,474151
256,Evita,Fearenside,efearenside73@nhs.uk,F,147136
257,Lebbie,Erat,lerat74@altervista.org,,562659
258,Ottilie,Bullan,obullan75@census.gov,F,242550
259,Micaela,Ebourne,mebourne76@businessinsider.com,F,114462
260,Edithe,Beaten,ebeaten77@hexun.com,F,576215
261,Winnie,Yanin,wyanin78@umich.edu,M,480530
262,Jermayne,Hollier,jhollier79@hao123.com,M,149339
263,Jorgan,McInulty,jmcinulty7a@reverbnation.com,M,
264,Samson,Newson,snewson7b@tinyurl.com,M,598875
265,Maible,MacVaugh,mmacvaugh7c@tumblr.com,F,500904
266,Daveta,,dhardiman7d@indiegogo.com,F,72182
267,Iggie,Parradine,iparradine7e@whitehouse.gov,M,511684
268,Vassily,Riha,vriha7f@zimbio.com,M,389395
269,Mayne,Bicksteth,mbicksteth7g@baidu.com,M,381294
270,Vite,Pancoast,vpancoast7h@rediff.com,M,160166
271,Virgil,Deakins,vdeakins7i@live.com,M,350166
272,Camella,Pauleit,cpauleit7j@taobao.com,F,403968
273,Maryellen,Ingles,mingles7k@creativecommons.org,F,
274,Zane,True,ztrue7l@nyu.edu,M,427400
275,Sarine,Proschek,sproschek7m@si.edu,F,77884
276,Kally,Pollie,kpollie7n@census.gov,F,229794
277,Inger,Wellum,iwellum7o@hexun.com,M,
278,Ardith,Medeway,amedeway7p@so-net.ne.jp,F,249866
279,Regan,Ives,rives7q@deliciousdays.com,F,95383
280,Gawain,Axelbee,gaxelbee7r@yandex.ru,M,388868
281,Rennie,Newsham,rnewsham7s@lycos.com,F,513969
282,Kaja,Mulligan,kmulligan7t@github.io,F,
283,Giuseppe,Claworth,gclaworth7u@theglobeandmail.com,M,
284,Janetta,MacPherson,jmacpherson7v@printfriendly.com,F,111214
285,Camey,Camel,ccamel7w@hao123.com,M,365334
286,Vassili,Kohlert,vkohlert7x@google.ru,M,177229
287,Lesley,Jarvis,ljarvis7y@rakuten.co.jp,F,517994
288,Lazar,Rigeby,lrigeby7z@techcrunch.com,M,86516
289,Timmy,Eveleigh,teveleigh80@pinterest.com,M,55558
290,Bernadette,O' Sullivan,bosullivan81@wikispaces.com,,392250
291,Farlie,Hise,fhise82@yahoo.co.jp,M,530163
292,Paolina,Haire,phaire83@google.es,F,
293,Johannes,Magson,jmagson84@ocn.ne.jp,M,282280
294,Charisse,Huggill,chuggill85@naver.com,F,482532
295,Kalil,Gergler,kgergler86@rediff.com,M,476108
296,Mattias,de Quincey,mdequincey87@ft.com,M,
297,Merrili,Paradine,mparadine88@tuttocitta.it,F,254280
298,Dolli,Iglesias,diglesias89@unblog.fr,F,113072
299,Pru,Freeman,pfreeman8a@time.com,F,582920
300,Elena,Schimann,eschimann8b@sciencedirect.com,F,431499
301,Vale,Branscomb,vbranscomb8c@csmonitor.com,M,518000
302,Leonie,Dalman,ldalman8d@smh.com.au,F,567749
303,Byran,Westwick,bwestwick8e@oracle.com,M,227051
304,Aileen,Itzakovitz,aitzakovitz8f@blinklist.com,F,565080
305,Brinn,Girsch,bgirsch8g@google.ru,F,115390
306,Amery,Cawthron,acawthron8h@mashable.com,M,378917
307,Brendan,Oakwell,boakwell8i@huffingtonpost.com,M,254151
308,Corliss,Simnor,csimnor8j@ustream.tv,F,282856
309,Giulietta,Goddert.sf,ggoddertsf8k@ibm.com,F,254804
310,Fredelia,Jenk,fjenk8l@slate.com,F,289868
311,Reuben,Dreschler,rdreschler8m@ucoz.com,M,265950
312,Angel,Oganesian,aoganesian8n@phpbb.com,F,364075
313,Vivie,Hoodless,vhoodless8o@meetup.com,F,274401
314,Stormie,Boate,sboate8p@yahoo.com,F,140921
315,Katrina,Mills,kmills8q@geocities.jp,F,100132
316,Catrina,Canario,ccanario8r@cbsnews.com,F,582628
317,Karlan,Ridsdole,kridsdole8s@vistaprint.com,M,145417
318,Steffane,Douty,sdouty8t@theglobeandmail.com,F,139422
319,Melinda,Mewes,mmewes8u@mysql.com,F,
320,Auroora,Bartod,abartod8v@cdc.gov,F,570848
321,Jose,Piggen,jpiggen8w@time.com,M,331191
322,Jeralee,Warburton,jwarburton8x@fda.gov,F,318065
323,Terra,Alebrooke,talebrooke8y@pcworld.com,,515425
324,Cecilla,Laroze,claroze8z@hp.com,F,247132
325,Kaleena,Ducket,kducket90@wufoo.com,F,182386
326,Micki,Wither,mwither91@ovh.net,F,
327,Gerrie,Schiementz,gschiementz92@forbes.com,F,568943
328,Noel,Harses,nharses93@engadget.com,M,
329,Kerianne,Gudgen,kgudgen94@google.com.au,F,
330,Dode,Sneyd,dsneyd95@yale.edu,F,301822
331,Alic,Sparshott,asparshott96@springer.com,,77488
332,Gussi,Pedrocco,gpedrocco97@wiley.com,F,578891
333,Job,Gorini,jgorini98@theglobeandmail.com,M,236919
334,Clem,Binnell,cbinnell99@springer.com,M,340286
335,Thorsten,Rakestraw,trakestraw9a@over-blog.com,M,335114
336,Caressa,Reims,creims9b@opensource.org,F,151009
337,Dennie,Boskell,dboskell9c@reverbnation.com,M,488570
338,Izaak,Dale,idale9d@people.com.cn,M,347891
339,Isabella,Rissen,irissen9e@europa.eu,F,
340,Joana,Keeri,jkeeri9f@seesaa.net,F,54845
341,Hughie,Witherup,hwitherup9g@quantcast.com,M,166620
342,Leola,Herculeson,lherculeson9h@jalbum.net,,369008
343,Burty,Torricella,btorricella9i@blog.com,M,256031
344,Dalila,Scalera,dscalera9j@cyberchimps.com,F,537567
345,Stearne,Thornally,sthornally9k@storify.com,M,411997
346,Tana,Drei,tdrei9l@umn.edu,F,110412
347,Karissa,Dennett,kdennett9m@mit.edu,F,
348,Man,Pietraszek,mpietraszek9n@boston.com,M,151644
349,Kaylee,de la Tremoille,kdelatremoille9o@jalbum.net,F,275972
350,Anita,Fevers,afevers9p@quantcast.com,F,
351,Jephthah,Brognot,jbrognot9q@devhub.com,M,429384
352,Gilberte,Penney,gpenney9r@wiley.com,F,279509
353,Desmond,Dingivan,ddingivan9s@g.co,M,
354,Rebeka,McCard,rmccard9t@ocn.ne.jp,F,95258
355,Felisha,Playhill,fplayhill9u@ow.ly,F,426787
356,Renato,Worman,rworman9v@gov.uk,M,555651
357,Ambros,Twinbrow,atwinbrow9w@unicef.org,M,559425
358,Tobie,Patridge,tpatridge9x@loc.gov,M,297817
359,Rosella,Isselee,risselee9y@chron.com,F,267624
360,Hulda,Franzke,hfranzke9z@behance.net,F,282531
361,Aldo,Malden,amaldena0@samsung.com,M,170069
362,Shamus,Gerant,sgeranta1@purevolume.com,M,238148
363,Alyssa,von Hagt,avonhagta2@homestead.com,F,442385
364,Darleen,Featherstonhalgh,dfeatherstonhalgha3@statcounter.com,F,281071
365,Aubert,Catterell,acatterella4@google.de,M,422411
366,Giulio,Philippeaux,gphilippeauxa5@stanford.edu,M,422343
367,Emelda,Kemmons,ekemmonsa6@slideshare.net,F,76582
368,Paxon,Jakes,pjakesa7@google.co.uk,M,588786
369,Bo,Lambdin,blambdina8@altervista.org,M,184605
370,Lisa,Hale,lhalea9@ovh.net,F,267292
371,Selena,Whistan,swhistanaa@google.pl,F,132713
372,Maryanna,Smithend,msmithendab@lycos.com,F,547280
373,Mavis,Heynel,mheynelac@nih.gov,F,472672
374,Penelope,,pbeddonad@wikimedia.org,F,380523
375,Roxana,Manger,rmangerae@wordpress.com,F,188469
376,Emmery,Bowhay,ebowhayaf@addtoany.com,M,411017
377,Aeriel,Dibnah,adibnahag@opera.com,F,311463
378,Efrem,Rosenfrucht,erosenfruchtah@fastcompany.com,M,285921
379,Desdemona,Cotter,dcotterai@usgs.gov,F,
380,Teresa,Hannigan,thanniganaj@hibu.com,F,393131
381,Natale,Philott,nphilottak@geocities.com,M,
382,Cloe,Croxford,ccroxfordal@weebly.com,F,87188
383,Onfre,Snelle,osnelleam@nps.gov,M,180081
384,Ignacio,McCahey,imccaheyan@slideshare.net,M,570013
385,Ximenes,Ambrois,xambroisao@cbc.ca,M,204932
386,Ker,Broske,kbroskeap@devhub.com,M,360095
387,Lucia,Suthworth,lsuthworthaq@fastcompany.com,F,107451
388,Ned,Ayllett,nayllettar@geocities.jp,M,581417
389,Padriac,Hazeley,phazeleyas@npr.org,M,239668
390,Crosby,,cbrannanat@rambler.ru,M,463950
391,Madella,Blow,mblowau@artisteer.com,F,381245
392,Idell,O' Liddy,ioliddyav@google.com,F,414622
393,Kit,Knowlys,kknowlysaw@discovery.com,F,52707
394,Lucinda,Tebb,ltebbax@businessweek.com,F,486234
395,Minetta,Hodgins,mhodginsay@wikimedia.org,F,114833
396,Maurise,Rizzardini,mrizzardiniaz@telegraph.co.uk,M,274316
397,Travis,Culy,tculyb0@abc.net.au,M,486785
398,Mason,Keasey,mkeaseyb1@jalbum.net,M,92631
399,Gladys,Pentelow,gpentelowb2@census.gov,F,
400,Cynde,Orteu,corteub3@wiley.com,F,182954
401,Paddie,Dimbleby,pdimblebyb4@ox.ac.uk,M,105213
402,Jenilee,Fonzo,jfonzob5@paypal.com,F,123008
403,Penrod,Croall,pcroallb6@umich.edu,M,267261
404,Stanwood,Howles,showlesb7@nydailynews.com,M,327201
405,Leona,Nelsey,lnelseyb8@usatoday.com,F,344226
406,Janela,Bode,jbodeb9@loc.gov,F,494057
407,Yardley,,yupjohnba@go.com,M,104785
408,Keefe,Stobbes,kstobbesbb@1und1.de,M,240614
409,Kori,Bixley,kbixleybc@addtoany.com,F,450135
410,Elwira,Younghusband,eyounghusbandbd@blogtalkradio.com,F,455324
411,Elana,Dunphy,edunphybe@google.com,F,
412,Latia,Mills,lmillsbf@bizjournals.com,F,160901
413,Lazare,Scammell,lscammellbg@naver.com,M,445282
414,Karine,Bruntje,kbruntjebh@amazon.com,F,429662
415,Brady,Suthworth,bsuthworthbi@who.int,M,348809
416,Joshuah,Bonehill,jbonehillbj@dell.com,M,360249
417,Angelika,Hailes,ahailesbk@msu.edu,F,430315
418,Richmound,O'Hartagan,rohartaganbl@ehow.com,M,313227
419,Hoyt,Biggerstaff,hbiggerstaffbm@simplemachines.org,M,159280
420,Alvinia,Thebe,athebebn@homestead.com,F,348193
421,Lanny,Neat,lneatbo@desdev.cn,F,545016
422,Stanley,Halsey,shalseybp@tripod.com,M,243488
423,Titos,Garmon,tgarmonbq@t.co,M,223835
424,Averyl,Schult,aschultbr@msu.edu,F,388283
425,Trstram,Shilston,tshilstonbs@goo.ne.jp,M,511808
426,Linn,Hanley,lhanleybt@wunderground.com,M,225814
427,Luca,Posnette,lposnettebu@hostgator.com,M,
428,Cordie,Worsell,cworsellbv@pbs.org,M,472491
429,Doria,Gillice,dgillicebw@infoseek.co.jp,F,
430,Lucien,,ldurkerbx@prnewswire.com,M,456240
431,Farrah,Trewhela,ftrewhelaby@yale.edu,F,170356
432,Clerissa,Langley,clangleybz@latimes.com,F,501809
433,Zebulon,Bartalini,zbartalinic0@mozilla.com,M,469450
434,Abigail,Hegden,ahegdenc1@princeton.edu,F,178960
435,Rollie,Scholefield,rscholefieldc2@oaic.gov.au,M,578638
436,Padgett,O'Hickee,pohickeec3@drupal.org,M,116680
437,Ardeen,Ream,areamc4@webs.com,F,182039
438,Gretta,Leuty,gleutyc5@163.com,F,169368
439,Leonerd,Axcel,laxcelc6@4shared.com,M,95683
440,Maribelle,Yarrall,myarrallc7@aol.com,F,158181
441,Angela,Pakenham,apakenhamc8@ocn.ne.jp,F,355486
442,Sayers,Ungerecht,sungerechtc9@drupal.org,M,578202
443,Laure,Benini,lbeninica@barnesandnoble.com,F,
444,Alphonso,,amosedallcb@tuttocitta.it,M,64912
445,Muffin,Chatt,mchattcc@umich.edu,F,243088
446,Gus,Brandel,gbrandelcd@newyorker.com,F,147942
447,Bradford,Linton,blintonce@elpais.com,M,162921
448,Evangelia,,epadycf@smh.com.au,F,340820
449,Jeanna,Filippozzi,jfilippozzicg@usnews.com,F,197339
450,Thoma,Trotton,ttrottonch@gizmodo.com,M,
451,Ring,Fenby,rfenbyci@cyberchimps.com,M,290955
452,Lurlene,Bedenham,lbedenhamcj@ocn.ne.jp,F,435602
453,Zack,McAuslan,zmcauslanck@plala.or.jp,M,431825
454,Melisse,Dominico,mdominicocl@com.com,F,349443
455,Maridel,Billanie,mbillaniecm@people.com.cn,F,193715
456,Helenka,Bollam,hbollamcn@tinypic.com,F,486427
457,Ree,Lackinton,rlackintonco@163.com,F,371770
458,Kalinda,Muffitt,kmuffittcp@cargocollective.com,F,539112
459,Madelaine,Treleven,mtrelevencq@webs.com,F,
460,Chloe,Spurdon,cspurdoncr@ocn.ne.jp,F,444085
461,Nappie,Pearn,npearncs@lulu.com,M,503189
462,Sharlene,Sharnock,ssharnockct@oracle.com,F,
463,Tracie,MacCostye,tmaccostyecu@salon.com,F,423873
464,Jo,Jarred,jjarredcv@nifty.com,M,138194
465,Finley,Pesek,fpesekcw@wiley.com,M,
466,Barby,Hobden,bhobdencx@hibu.com,F,
467,Opalina,Phetteplace,ophetteplacecy@shareasale.com,F,
468,Charlean,Pack,cpackcz@noaa.gov,F,449842
469,Julio,Daughton,jdaughtond0@hp.com,M,569161
470,Montgomery,Clee,mcleed1@cocolog-nifty.com,M,491358
471,Dael,Tripney,dtripneyd2@pbs.org,F,291213
472,Claudie,Wickwar,cwickward3@vimeo.com,F,205946
473,Teador,Clutton,tcluttond4@addthis.com,M,
474,Lane,Sedgman,lsedgmand5@goodreads.com,M,323313
475,Coletta,MacIlory,cmaciloryd6@studiopress.com,F,137192
476,Ricky,Galton,rgaltond7@topsy.com,M,72504
477,De,Hursey,dhurseyd8@va.gov,F,103624
478,Moira,Fullalove,mfullaloved9@ftc.gov,F,
479,Vikki,Lattimore,vlattimoreda@boston.com,F,417449
480,Agatha,,asheddandb@nbcnews.com,F,446737
481,Diandra,Ludman,dludmandc@nhs.uk,F,208157
482,Farlie,Hammant,fhammantdd@bloglovin.com,M,
483,Ysabel,,ylintotde@soundcloud.com,F,117567
484,Trevar,Nipper,tnipperdf@opensource.org,M,299583
485,Gerhard,Mohun,gmohundg@angelfire.com,M,151755
486,Cleavland,Sweetland,csweetlanddh@usa.gov,M,146223
487,Heda,Chidwick,hchidwickdi@goodreads.com,F,72432
488,Thaddeus,Gass,tgassdj@tinyurl.com,M,357407
489,Odella,Hillhouse,ohillhousedk@phpbb.com,F,155093
490,Chancey,Tulloch,ctullochdl@adobe.com,M,176868
491,Olav,Vaissiere,ovaissieredm@miibeian.gov.cn,M,337472
492,Armand,Kundt,akundtdn@amazon.com,M,156506
493,Cindie,Malin,cmalindo@buzzfeed.com,F,538572
494,Mahalia,Fidelus,mfidelusdp@plala.or.jp,F,431006
495,Ad,Le Fleming,aleflemingdq@themeforest.net,M,275643
496,Zach,Lonnon,zlonnondr@mac.com,M,74787
497,Car,Drewson,cdrewsonds@so-net.ne.jp,M,191948
498,Casandra,Lehrahan,clehrahandt@biglobe.ne.jp,F,490551
499,Schuyler,Manueli,smanuelidu@auda.org.au,M,
500,Nelie,,nsnashalldv@people.com.cn,F,313599
501,Kristoffer,Wadesworth,kwadesworthdw@statcounter.com,M,319156
502,Thibaut,Llywarch,tllywarchdx@themeforest.net,M,328464
503,Cissy,Molyneux,cmolyneuxdy@cafepress.com,F,208520
504,Mohandis,Rarity,mraritydz@usatoday.com,M,472338
505,Carmen,Barstock,cbarstocke0@jalbum.net,F,357031
506,Britteny,Alexandersen,balexandersene1@odnoklassniki.ru,F,265650
507,Jud,McKerton,jmckertone2@utexas.edu,M,109137
508,Ilysa,Morrad,imorrade3@utexas.edu,F,207307
509,Brion,Schroeder,bschroedere4@tripadvisor.com,M,292208
510,Arlinda,Siehard,asieharde5@sina.com.cn,F,328478
511,Wallie,Yelding,wyeldinge6@liveinternet.ru,F,418563
512,Roderic,Nell,rnelle7@posterous.com,M,
513,Hestia,Walter,hwaltere8@abc.net.au,F,413121
514,Kip,Hulcoop,khulcoope9@cargocollective.com,M,559234
515,Ethelbert,Danjoie,edanjoieea@wikimedia.org,M,558263
516,Dale,Pattemore,dpattemoreeb@dailymotion.com,M,99024
517,Glyn,Norgan,gnorganec@vistaprint.com,F,188779
518,Phineas,Olexa,polexaed@va.gov,M,573267
519,Hetti,Jessop,hjessopee@naver.com,F,548267
520,Reece,Buckthought,rbuckthoughtef@nhs.uk,M,268888
521,Archy,Cummine,acummineeg@cornell.edu,M,418687
522,Kip,Gilkes,kgilkeseh@blinklist.com,M,63901
523,Chan,Lydiard,clydiardei@hugedomains.com,M,186078
524,Mareah,Coward,mcowardej@digg.com,F,405708
525,Chevy,Hazelhurst,chazelhurstek@tinyurl.com,M,439928
526,Ade,Canton,acantonel@angelfire.com,M,374825
527,Abeu,Clarabut,aclarabutem@paginegialle.it,M,454257
528,Billy,Gateshill,bgateshillen@360.cn,,
529,Xenos,Chasmoor,xchasmooreo@studiopress.com,M,590371
530,Basilio,Maggill'Andreis,bmaggillandreisep@trellian.com,M,460476
531,Barney,Tureville,bturevilleeq@taobao.com,M,473246
532,Andrei,Woofendell,awoofendeller@histats.com,F,161530
533,Everett,Gillibrand,egillibrandes@wunderground.com,M,145976
534,Aldous,Posner,aposneret@japanpost.jp,M,413306
535,Solomon,Sharple,ssharpleeu@amazon.com,M,
536,Cinda,Rebichon,crebichonev@quantcast.com,F,211102
537,Brit,Tixier,btixierew@senate.gov,M,
538,Alexio,Danher,adanherex@godaddy.com,M,161548
539,Lothaire,De Vaan,ldevaaney@nydailynews.com,,470966
540,Fabio,Fominov,ffominovez@rambler.ru,M,160381
541,Alyda,Fierro,afierrof0@seesaa.net,F,139130
542,Ashla,Fildes,afildesf1@istockphoto.com,F,521766
543,Donica,Ferriere,dferrieref2@pcworld.com,F,71822
544,Calypso,Rowlinson,crowlinsonf3@github.io,F,289637
545,Elihu,Kemitt,ekemittf4@weebly.com,M,312969
546,Travers,Fink,tfinkf5@chron.com,M,554256
547,Corella,Gammel,cgammelf6@godaddy.com,F,394694
548,Jeffrey,Martlew,jmartlewf7@uiuc.edu,M,
549,Ragnar,Swendell,rswendellf8@storify.com,M,579792
550,Tome,,tlydsterf9@google.co.jp,M,584278
551,Herta,Baskeyfield,hbaskeyfieldfa@biblegateway.com,F,513212
552,Zollie,Winterton,zwintertonfb@1688.com,M,149626
553,Hebert,Joslow,hjoslowfc@ox.ac.uk,M,
554,Pauline,Hallitt,phallittfd@hugedomains.com,F,545321
555,Kathy,Schreiner,kschreinerfe@blinklist.com,F,218383
556,Dennison,Jaffrey,djaffreyff@tinypic.com,M,379810
557,Oberon,Buckoke,obuckokefg@drupal.org,M,369027
558,Genovera,Kezor,gkezorfh@symantec.com,F,92838
559,Gray,,gscroggiefi@moonfruit.com,M,
560,Lek,Gumm,lgummfj@msu.edu,M,
561,Hynda,Aldus,haldusfk@springer.com,F,363150
562,Suzanne,Mark,smarkfl@nifty.com,F,142802
563,Emmalyn,Brixey,ebrixeyfm@sfgate.com,F,410237
564,Indira,Wraighte,iwraightefn@pagesperso-orange.fr,F,559730
565,Roderick,Moreno,rmorenofo@digg.com,M,396437
566,Hilton,Varne,hvarnefp@earthlink.net,M,582093
567,Hilda,Dods,hdodsfq@oaic.gov.au,F,140109
568,Agna,Codd,acoddfr@washingtonpost.com,F,53798
569,Carl,Gidney,cgidneyfs@tamu.edu,M,58876
570,Jasmine,Landon,jlandonft@github.io,F,276937
571,Ortensia,Veryard,overyardfu@ning.com,F,557009
572,Maurice,Goaley,mgoaleyfv@deviantart.com,,72111
573,Camella,Kebbell,ckebbellfw@arizona.edu,F,
574,Barbra,Heisman,bheismanfx@vimeo.com,F,314254
575,Warden,Rojel,wrojelfy@gov.uk,M,
576,Cristiano,Gripton,cgriptonfz@dell.com,M,56560
577,Wynny,Yeliashev,wyeliashevg0@kickstarter.com,F,86888
578,Merrill,Crookshank,mcrookshankg1@wikispaces.com,F,405753
579,Yettie,Bourthoumieux,ybourthoumieuxg2@intel.com,F,500592
580,Wye,Houlton,whoultong3@sina.com.cn,M,548487
581,Arron,Meeks,ameeksg4@ucsd.edu,M,588257
582,Henryetta,Fantin,hfanting5@networkadvertising.org,F,176423
583,Si,,schreeg6@google.fr,M,459551
584,Gerhard,Gabala,ggabalag7@rambler.ru,M,306568
585,Gnni,Sharple,gsharpleg8@engadget.com,F,395077
586,Benn,Instone,binstoneg9@census.gov,M,467772
587,Kalli,Adolphine,kadolphinega@lulu.com,F,
588,Gerik,Brotherton,gbrothertongb@msu.edu,M,373564
589,Orelle,Ownsworth,oownsworthgc@wix.com,F,479364
590,Nikolas,Passo,npassogd@oaic.gov.au,M,319320
591,Jamal,McGaugan,jmcgaugange@xrea.com,M,152257
592,Johnathan,Bencher,jbenchergf@smh.com.au,M,405936
593,Laurens,Coryndon,lcoryndongg@independent.co.uk,M,371653
594,Carlita,Cathee,ccatheegh@yandex.ru,F,
595,Rab,Hirsch,rhirschgi@joomla.org,M,208362
596,Jeanna,Cawood,jcawoodgj@bbc.co.uk,F,160052
597,Cristina,Yarnton,cyarntongk@boston.com,F,197741
598,Neron,Parmer,nparmergl@bloglines.com,M,
599,Phyllys,Starbuck,pstarbuckgm@mozilla.org,F,252582
600,Erin,Nevins,enevinsgn@geocities.com,M,200833
601,Laughton,O'Mullaney,lomullaneygo@indiatimes.com,M,367195
602,Marieann,Penvarne,mpenvarnegp@irs.gov,F,296228
603,Florie,Grigson,fgrigsongq@google.it,F,278271
604,Gypsy,Gerriet,ggerrietgr@behance.net,F,87917
605,Lainey,Lafuente,llafuentegs@cbc.ca,F,183997
606,Kenton,Stuchberry,kstuchberrygt@cnbc.com,M,129690
607,Bobina,Ech,bechgu@msn.com,F,538513
608,Torey,Clohissy,tclohissygv@mapquest.com,M,161861
609,Willy,Gallegos,wgallegosgw@liveinternet.ru,M,80161
610,Cindra,Hazelden,chazeldengx@goo.ne.jp,F,293124
611,Oralie,,ogaifordgy@skype.com,F,419148
612,Belia,Fieldstone,bfieldstonegz@privacy.gov.au,F,337624
613,Liliane,Rodmell,lrodmellh0@networksolutions.com,F,554738
614,Conant,Denial,cdenialh1@gravatar.com,M,451201
615,Robert,Boyack,rboyackh2@dell.com,M,72154
616,Tarrance,Cinelli,tcinellih3@tamu.edu,M,346146
617,Yanaton,Conigsby,yconigsbyh4@webmd.com,M,258568
618,Sidnee,Eatock,seatockh5@smugmug.com,M,372792
619,Kalindi,Gariff,kgariffh6@example.com,F,339099
620,Ingaberg,Buchanan,ibuchananh7@upenn.edu,F,
621,Iorgos,Dispencer,idispencerh8@hexun.com,M,473155
622,Barn,Halcro,bhalcroh9@dell.com,M,478268
623,Brucie,Lochran,blochranha@mashable.com,M,578734
624,Paule,Chevalier,pchevalierhb@weibo.com,F,177009
625,Wren,Perryn,wperrynhc@dmoz.org,F,
626,Deedee,Accombe,daccombehd@bloglovin.com,F,131887
627,Bianka,Pears,bpearshe@un.org,F,168347
628,Marco,McNeil,mmcneilhf@sphinn.com,M,346370
629,Isa,Dutteridge,idutteridgehg@wiley.com,F,325128
630,Tandy,Shevlin,tshevlinhh@marriott.com,F,451656
631,Ray,Damant,rdamanthi@w3.org,F,260718
632,Hussein,Calendar,hcalendarhj@go.com,M,202883
633,Decca,Lidgley,dlidgleyhk@eepurl.com,M,144954
634,Kaia,Huleatt,khuleatthl@parallels.com,F,567470
635,Thorin,Ducaen,tducaenhm@usatoday.com,M,433945
636,Dyana,Thiem,dthiemhn@illinois.edu,F,409319
637,Franzen,Klas,fklasho@ucsd.edu,M,537294
638,Kathryne,Bryns,kbrynshp@craigslist.org,F,462744
639,Cassandry,Kybert,ckyberthq@youtu.be,F,564037
640,Greer,Croisier,gcroisierhr@addtoany.com,F,588665
641,Darnell,Tantrum,dtantrumhs@ask.com,M,314458
642,Jeane,Cavil,jcavilht@usatoday.com,F,242752
643,Celesta,Kingh,ckinghhu@furl.net,F,525388
644,Alaine,Micallef,amicallefhv@list-manage.com,F,588867
645,Umberto,,uellcomehw@europa.eu,M,439893
646,Elton,Crew,ecrewhx@amazon.de,M,357391
647,Jacob,Augustin,jaugustinhy@opensource.org,M,217964
648,Kandace,Drinkall,kdrinkallhz@nba.com,F,402347
649,Mathe,Scotts,mscottsi0@jiathis.com,M,168442
650,Godwin,Giacobo,ggiacoboi1@ca.gov,M,364018
651,Brewer,Cathro,bcathroi2@free.fr,M,356957
652,Sophey,,sclaideni3@technorati.com,F,63219
653,Ab,Snelson,asnelsoni4@va.gov,M,104560
654,Priscella,Harraway,pharrawayi5@dmoz.org,F,598823
655,Bertine,Bailie,bbailiei6@huffingtonpost.com,F,282464
656,Tirrell,MacCarroll,tmaccarrolli7@eventbrite.com,M,468730
657,Hillier,Barthrup,hbarthrupi8@mtv.com,M,334950
658,Waverley,Van der Son,wvandersoni9@un.org,M,377597
659,Kassandra,Bart,kbartia@gizmodo.com,F,598407
660,Marven,Widdowfield,mwiddowfieldib@virginia.edu,M,396556
661,Stefanie,Hadigate,shadigateic@ed.gov,F,434583
662,Bald,Gulliver,bgulliverid@google.fr,M,358224
663,Natty,Babington,nbabingtonie@spotify.com,F,575535
664,Eustace,Deluze,edeluzeif@spotify.com,M,
665,Ava,Doughty,adoughtyig@1und1.de,F,360952
666,Jillane,O'Kennavain,jokennavainih@reverbnation.com,F,55210
667,Cecile,Aires,cairesii@wordpress.org,F,246779
668,Briano,Order,borderij@weebly.com,M,404821
669,Tracey,Blewmen,tblewmenik@comsenz.com,M,375069
670,Giustina,Abbay,gabbayil@sphinn.com,F,175832
671,Anette,Clausen,aclausenim@chicagotribune.com,F,206112
672,Willy,Le Fevre,wlefevrein@newsvine.com,F,424565
673,Alene,Stave,astaveio@booking.com,F,115406
674,Frank,Grimley,fgrimleyip@cnbc.com,M,371713
675,Mayor,Shilston,mshilstoniq@intel.com,M,451423
676,Welsh,Strattan,wstrattanir@time.com,M,118782
677,Mill,O'Hartnedy,mohartnedyis@webs.com,M,191290
678,Derick,Bussens,dbussensit@seesaa.net,M,
679,Stevena,Sanney,ssanneyiu@skyrock.com,F,122176
680,Howey,Faithorn,hfaithorniv@ow.ly,M,
681,Malanie,Spencook,mspencookiw@amazon.co.uk,F,264858
682,Wallache,McCord,wmccordix@statcounter.com,M,380541
683,Flossi,Bridle,fbridleiy@shareasale.com,F,538453
684,Rosana,Cicchelli,rcicchelliiz@meetup.com,,83294
685,Harlan,Lawley,hlawleyj0@about.me,M,129026
686,Ferrel,Tomich,ftomichj1@geocities.jp,M,454156
687,Forster,Bonniface,fbonnifacej2@google.de,M,58790
688,Page,Gresly,pgreslyj3@msn.com,F,476078
689,Callie,Filov,cfilovj4@lycos.com,F,528361
690,Luciana,Elleyne,lelleynej5@drupal.org,F,532914
691,Lola,Jerred,ljerredj6@bloglovin.com,F,471397
692,Loreen,Haggata,lhaggataj7@japanpost.jp,F,263889
693,Rorke,Hancell,rhancellj8@deviantart.com,M,366845
694,Sibilla,Ferrige,sferrigej9@phpbb.com,F,113169
695,Ivor,Lorden,ilordenja@youku.com,M,394971
696,Paolo,Howett,phowettjb@ifeng.com,M,589870
697,Carole,Karpol,ckarpoljc@msu.edu,F,242321
698,Dougie,Bonick,dbonickjd@furl.net,M,156711
699,Fianna,Dumingo,fdumingoje@surveymonkey.com,F,477478
700,Sasha,Guilbert,sguilbertjf@businessweek.com,M,353921
701,Lorrie,,lcracknelljg@theglobeandmail.com,M,285909
702,Donaugh,Ketley,dketleyjh@edublogs.org,M,66545
703,Sheffie,Goldsbrough,sgoldsbroughji@europa.eu,M,518391
704,Nedda,Saffin,nsaffinjj@smh.com.au,F,246886
705,Yvonne,Meddemmen,ymeddemmenjk@pagesperso-orange.fr,F,75975
706,Marie-jeanne,Bernlin,mbernlinjl@rakuten.co.jp,F,214131
707,Dorri,De la Harpe,ddelaharpejm@wsj.com,F,307649
708,Belita,Capelle,bcapellejn@1und1.de,F,135393
709,Brandtr,Wolfers,bwolfersjo@blogspot.com,M,296117
710,Ryon,Mansbridge,rmansbridgejp@abc.net.au,M,167802
711,Hurlee,Conn,hconnjq@nps.gov,M,533286
712,Huey,,hfearonjr@microsoft.com,M,549137
713,Daloris,Pedrollo,dpedrollojs@epa.gov,F,525852
714,Dulcie,Gepheart,dgepheartjt@moonfruit.com,F,562074
715,Frasquito,Simonetto,fsimonettoju@hugedomains.com,M,465193
716,Jose,Blackston,jblackstonjv@go.com,M,
717,Felicia,Maudson,fmaudsonjw@ucoz.ru,F,447915
718,Amaleta,Duce,aducejx@eepurl.com,F,198630
719,Ancell,Reyburn,areyburnjy@dailymotion.com,M,236397
720,Ardisj,Haylands,ahaylandsjz@reddit.com,F,383119
721,Darleen,Heineking,dheinekingk0@technorati.com,F,384330
722,Boote,Limon,blimonk1@yale.edu,M,567411
723,Netta,Paolo,npaolok2@amazon.co.uk,F,
724,Aggie,Groombridge,agroombridgek3@tumblr.com,F,133944
725,Waldon,Rahill,wrahillk4@fda.gov,M,211446
726,Adiana,Ruffli,arufflik5@digg.com,F,583643
727,Marina,Zotto,mzottok6@bloglines.com,F,369827
728,Alexandros,Wixon,awixonk7@netlog.com,M,80573
729,Guthry,Servant,gservantk8@alibaba.com,M,561801
730,Phineas,Fawthrop,pfawthropk9@reverbnation.com,M,171611
731,Marcelle,Moorton,mmoortonka@mozilla.com,F,402913
732,Penni,Barendtsen,pbarendtsenkb@hostgator.com,F,144567
733,Philip,Odgers,podgerskc@wp.com,M,183568
734,Arlena,,aatchesonkd@discovery.com,F,194414
735,Elsinore,Heritege,eheritegeke@t.co,F,538760
736,Nevins,,ndemarchikf@netscape.com,M,
737,Andy,Duffield,aduffieldkg@list-manage.com,M,492557
738,Jessie,Siflet,jsifletkh@statcounter.com,M,491224
739,Geri,Freund,gfreundki@studiopress.com,M,102105
740,Gus,Jovanovic,gjovanovickj@hibu.com,M,505489
741,Olly,Paur,opaurkk@icio.us,F,377225
742,Frank,Conew,fconewkl@t.co,M,
743,Arnuad,Fritzer,afritzerkm@weebly.com,M,416252
744,Stanwood,Nevinson,snevinsonkn@yellowpages.com,M,319992
745,Micheline,Szymanzyk,mszymanzykko@netvibes.com,F,466100
746,Edwina,Meiklam,emeiklamkp@meetup.com,F,399990
747,Mac,Wrankmore,mwrankmorekq@admin.ch,M,
748,Jeffry,Knuckles,jknuckleskr@xing.com,M,356072
749,Cleveland,,ccomizzoliks@eventbrite.com,M,391631
750,Allsun,Laurie,alauriekt@mlb.com,F,219285
751,Mohammed,Rraundl,mrraundlku@mysql.com,M,232890
752,Robinson,Billyard,rbillyardkv@oakley.com,M,320597
753,Lauren,Betchley,lbetchleykw@wordpress.org,M,209382
754,Vonny,Cordeiro,vcordeirokx@com.com,F,403860
755,Seka,Chstney,schstneyky@cnet.com,F,288697
756,Nomi,Heinel,nheinelkz@oracle.com,,
757,Esra,Dilland,edillandl0@wiley.com,M,51250
758,Darcee,Tripney,dtripneyl1@businessweek.com,F,128942
759,Josy,Fleet,jfleetl2@princeton.edu,F,270843
760,Kenon,Brymham,kbrymhaml3@reverbnation.com,M,324501
761,Bobby,Tivnan,btivnanl4@surveymonkey.com,F,452326
762,Cammy,Dayce,cdaycel5@homestead.com,M,57793
763,Ansel,Fausset,afaussetl6@digg.com,M,304673
764,Adara,Ghione,aghionel7@so-net.ne.jp,F,446844
765,Godfrey,Saffran,gsaffranl8@sphinn.com,M,230926
766,Vincents,Couzens,vcouzensl9@wisc.edu,M,485051
767,Bryn,Claringbold,bclaringboldla@pcworld.com,F,402393
768,Eilis,Gainsford,egainsfordlb@ucoz.ru,F,199648
769,Savina,Dunabie,sdunabielc@techcrunch.com,F,289427
770,Dasie,Matyatin,dmatyatinld@biblegateway.com,F,136257
771,Red,Oliff,roliffle@smh.com.au,M,382711
772,Kathlin,Geall,kgealllf@privacy.gov.au,,295456
773,Dillon,Pendre,dpendrelg@homestead.com,M,
774,Blake,Bradie,bbradielh@i2i.jp,M,176906
775,Sidnee,Cavil,scavilli@huffingtonpost.com,M,77758
776,Malchy,Onians,monianslj@twitter.com,M,495537
777,Phillipe,Brafield,pbrafieldlk@joomla.org,M,377497
778,Giulio,MacGilrewy,gmacgilrewyll@blogs.com,M,456490
779,Emmaline,Halbord,ehalbordlm@chronoengine.com,F,83148
780,Perren,Darth,pdarthln@yahoo.co.jp,M,430803
781,Maggie,Camell,mcamelllo@g.co,F,334645
782,Mack,Jouannot,mjouannotlp@wired.com,M,111086
783,Abbey,Priestley,apriestleylq@toplist.cz,F,81222
784,Kennett,Foale,kfoalelr@people.com.cn,M,306542
785,Norman,Ilyuchyov,nilyuchyovls@samsung.com,M,195854
786,Tonie,O'Tuohy,totuohylt@blog.com,F,
787,Goraud,Fothergill,gfothergilllu@washingtonpost.com,M,504963
788,Alistair,Brehaut,abrehautlv@berkeley.edu,M,557187
789,Gordie,Francesconi,gfrancesconilw@youku.com,M,568131
790,Harmonie,Swinley,hswinleylx@sourceforge.net,F,
791,Tildie,Haughton,thaughtonly@technorati.com,F,351891
792,Arch,Gardener,agardenerlz@wiley.com,M,
793,Brod,Bowskill,bbowskillm0@surveymonkey.com,M,472228
794,Mortimer,Collman,mcollmanm1@edublogs.org,M,86854
795,Melicent,Trousdell,mtrousdellm2@instagram.com,F,390775
796,Rosalinde,Ossenna,rossennam3@earthlink.net,F,127046
797,Jamesy,Whilder,jwhilderm4@tinyurl.com,M,246504
798,Bidget,Winger,bwingerm5@wikimedia.org,F,329763
799,Tessi,Dunkerton,tdunkertonm6@japanpost.jp,F,
800,Barbee,Tewes,btewesm7@newsvine.com,F,163422
801,Kirbee,Spours,kspoursm8@123-reg.co.uk,F,503346
802,Hana,Minter,hminterm9@twitter.com,F,
803,Barty,Gowen,bgowenma@ed.gov,M,347166
804,Pet,Berthel,pberthelmb@usa.gov,F,74470
805,Mel,Petkens,mpetkensmc@wisc.edu,F,353977
806,Heall,Athy,hathymd@elpais.com,M,232037
807,Stan,Demcik,sdemcikme@google.pl,M,65221
808,Frayda,Britcher,fbritchermf@zdnet.com,F,148422
809,Enos,Venediktov,evenediktovmg@ustream.tv,M,409743
810,Budd,Henrion,bhenrionmh@yellowpages.com,M,230266
811,Rosy,Tibalt,rtibaltmi@whitehouse.gov,F,414364
812,Kellyann,Dabney,kdabneymj@geocities.jp,F,327782
813,Anjela,Yielding,ayieldingmk@sciencedirect.com,F,375289
814,Chicky,Pieterick,cpieterickml@un.org,M,
815,Helsa,Eves,hevesmm@jalbum.net,F,299062
816,Moe,Boyack,mboyackmn@sphinn.com,M,485411
817,Tessa,Henaughan,thenaughanmo@mlb.com,F,327973
818,Ernesto,Hardy-Piggin,ehardypigginmp@creativecommons.org,M,171812
819,Phillis,Punshon,ppunshonmq@google.pl,F,53711
820,Monro,Holdforth,mholdforthmr@barnesandnoble.com,M,343539
821,Reed,Woodsford,rwoodsfordms@vk.com,M,174526
822,Orville,Haward,ohawardmt@clickbank.net,M,57376
823,Ami,Blaes,ablaesmu@fema.gov,F,492381
824,Hamish,Cello,hcellomv@com.com,M,352121
825,Lida,Snead,lsneadmw@marriott.com,F,421324
826,Zared,Rouby,zroubymx@dell.com,M,128123
827,Dynah,Petrushka,dpetrushkamy@va.gov,F,268608
828,Amalita,Sheffield,asheffieldmz@usda.gov,F,554063
829,Crystie,Chomley,cchomleyn0@kickstarter.com,F,233657
830,Tobiah,,tstrathdeen1@paypal.com,M,363480
831,Lois,Helkin,lhelkinn2@hexun.com,F,175078
832,Laurent,Eymor,leymorn3@privacy.gov.au,M,182748
833,Marika,Laphorn,mlaphornn4@facebook.com,,556637
834,Hobard,Zorn,hzornn5@who.int,M,490026
835,Dannel,Philipeau,dphilipeaun6@unicef.org,M,65177
836,Franchot,Camies,fcamiesn7@webs.com,M,467409
837,Patricia,Cornels,pcornelsn8@go.com,F,148927
838,Evie,Collimore,ecollimoren9@toplist.cz,,134698
839,Kacey,Kinmond,kkinmondna@omniture.com,F,
840,Bernhard,Guillond,bguillondnb@wunderground.com,M,554984
841,Nonna,Matthewson,nmatthewsonnc@technorati.com,F,
842,Candida,Shackle,cshacklend@gnu.org,F,172201
843,Cherice,,cbrundalene@mac.com,F,294121
844,Ferrel,Punt,fpuntnf@storify.com,M,369608
845,Herbie,Grahlman,hgrahlmanng@youku.com,M,241169
846,Hirsch,Gawthorpe,hgawthorpenh@delicious.com,M,570929
847,Trude,Grisewood,tgrisewoodni@cloudflare.com,,78269
848,Jefferey,Hesbrook,jhesbrooknj@chronoengine.com,M,402242
849,Alexandr,Antill,aantillnk@hibu.com,M,144652
850,Byrom,Reignolds,breignoldsnl@huffingtonpost.com,M,79475
851,Raynell,Stilgoe,rstilgoenm@friendfeed.com,F,107782
852,Husain,Lacotte,hlacottenn@nature.com,M,149909
853,Hagan,Ilden,hildenno@nasa.gov,M,436135
854,Aloysius,Broxis,abroxisnp@google.pl,M,473758
855,Mary,Esseby,messebynq@earthlink.net,F,575012
856,Dino,Jude,djudenr@nasa.gov,M,
857,Horten,Poure,hpourens@virginia.edu,,252874
858,Hyatt,Kleinpeltz,hkleinpeltznt@fda.gov,M,225429
859,Doretta,Patzelt,dpatzeltnu@geocities.com,F,289917
860,Ezra,Reucastle,ereucastlenv@hostgator.com,M,297235
861,Thorin,Eddisforth,teddisforthnw@home.pl,M,251103
862,Bealle,De Lascy,bdelascynx@wikimedia.org,M,510968
863,Anabal,Letessier,aletessierny@engadget.com,F,579127
864,Rosalind,Tripcony,rtripconynz@rakuten.co.jp,F,
865,Starr,McCarly,smccarlyo0@usda.gov,F,
866,Geoffrey,Hartgill,ghartgillo1@ihg.com,M,136932
867,Byron,Brown,bbrowno2@house.gov,M,441466
868,Waldon,Jessen,wjesseno3@slate.com,M,138231
869,Winonah,Hamal,whamalo4@weebly.com,F,198525
870,Janie,Casazza,jcasazzao5@howstuffworks.com,F,381642
871,Artair,Yeudall,ayeudallo6@deviantart.com,M,238868
872,Glenden,Ghent,gghento7@ifeng.com,M,342688
873,Salmon,Poytress,spoytresso8@prnewswire.com,M,466743
874,Chevy,Chesworth,ccheswortho9@bigcartel.com,M,111695
875,Woodrow,Skipton,wskiptonoa@sogou.com,M,64165
876,Erminie,Salters,esaltersob@creativecommons.org,F,
877,Maxie,Jerromes,mjerromesoc@imageshack.us,M,150639
878,Tanner,Halligan,thalliganod@oakley.com,M,393021
879,Corry,Lope,clopeoe@youtube.com,F,185572
880,Cammy,Kidwell,ckidwellof@huffingtonpost.com,F,118814
881,Shir,Vickar,svickarog@squarespace.com,F,
882,Dino,Holberry,dholberryoh@admin.ch,M,308471
883,Rochelle,Gutowski,rgutowskioi@hud.gov,F,502621
884,Andee,Seamans,aseamansoj@hud.gov,F,
885,Chevalier,Atcherley,catcherleyok@bbc.co.uk,M,199924
886,Alva,Breitling,abreitlingol@opensource.org,M,87094
887,Orbadiah,Shillam,oshillamom@tamu.edu,M,336966
888,Alli,Heaysman,aheaysmanon@columbia.edu,F,232783
889,Bebe,Draayer,bdraayeroo@livejournal.com,F,406061
890,Pauli,Chimes,pchimesop@bloglines.com,F,193482
891,Cherice,Finnes,cfinnesoq@harvard.edu,F,457269
892,Ivette,Kaasmann,ikaasmannor@hhs.gov,F,374799
893,Brice,Lumsdale,blumsdaleos@cnet.com,M,584144
894,Hana,Felten,hfeltenot@washingtonpost.com,F,320696
895,Gayle,Addekin,gaddekinou@google.com.au,F,194319
896,Gustavo,Leonards,gleonardsov@ning.com,M,
897,Ashly,Giacomucci,agiacomucciow@hatena.ne.jp,F,343554
898,Wyndham,Lasham,wlashamox@macromedia.com,M,425375
899,Joseph,McCuaig,jmccuaigoy@walmart.com,M,
900,Moyra,O' Hogan,mohoganoz@whitehouse.gov,F,505005
901,Teresa,Leet,tleetp0@mayoclinic.com,F,55552
902,Teodor,Beere,tbeerep1@cmu.edu,,126839
903,Mame,Fasey,mfaseyp2@google.cn,F,543111
904,Ab,Lingard,alingardp3@dailymotion.com,M,367545
905,Jacquenetta,Tink,jtinkp4@unblog.fr,F,491662
906,Sabina,Parks,sparksp5@ifeng.com,F,307895
907,Adler,Ferenczy,aferenczyp6@networkadvertising.org,M,453013
908,Lelia,Bowerman,lbowermanp7@is.gd,F,475444
909,Siusan,Huguenet,shuguenetp8@soup.io,,80132
910,Riobard,Warne,rwarnep9@mac.com,M,595087
911,Harmony,Oliveras,holiveraspa@tiny.cc,F,
912,Emmanuel,Treadgear,etreadgearpb@simplemachines.org,M,395776
913,Jessi,Raun,jraunpc@amazon.de,F,512812
914,Orville,Pim,opimpd@adobe.com,M,216281
915,Daron,Eliot,deliotpe@t.co,M,64093
916,Bourke,Ciccotto,bciccottopf@amazon.de,M,89091
917,Karoly,Bockmaster,kbockmasterpg@ifeng.com,M,120244
918,Bert,Perfitt,bperfittph@usda.gov,F,430757
919,Kippy,Wisniowski,kwisniowskipi@disqus.com,F,366626
920,Raynard,Colston,rcolstonpj@answers.com,M,534415
921,Valeria,Eva,vevapk@apache.org,F,580370
922,Artus,Haug,ahaugpl@unc.edu,M,279345
923,Dru,Frankel,dfrankelpm@ow.ly,F,
924,Lowe,Leys,lleyspn@oakley.com,M,539885
925,Carola,,ciliffepo@taobao.com,F,
926,Skylar,MacRorie,smacroriepp@alibaba.com,M,78325
927,Chevalier,Small,csmallpq@google.com.au,M,477956
928,Murray,Boraston,mborastonpr@google.co.jp,M,185237
929,Zachery,Jaffa,zjaffaps@uiuc.edu,M,362567
930,Ema,Martyn,emartynpt@furl.net,F,580495
931,Myrtie,Alvarado,malvaradopu@dailymail.co.uk,F,448662
932,Babara,Pairpoint,bpairpointpv@mediafire.com,F,514529
933,Cully,Lyver,clyverpw@hibu.com,M,86387
934,Ewell,Piggin,epigginpx@dot.gov,M,395124
935,Michel,MacKnight,mmacknightpy@theguardian.com,F,191801
936,Fabian,Medler,fmedlerpz@imdb.com,M,484991
937,Simonne,Leahey,sleaheyq0@samsung.com,F,245569
938,Basilius,Nurden,bnurdenq1@flavors.me,M,394082
939,Dorene,Gunningham,dgunninghamq2@va.gov,F,202554
940,Hilary,Houchin,hhouchinq3@comsenz.com,M,436251
941,Edgard,Genike,egenikeq4@facebook.com,M,274736
942,Micky,De Ortega,mdeortegaq5@businesswire.com,M,136744
943,Saul,Bockett,sbockettq6@blinklist.com,M,209260
944,Arthur,Ditch,aditchq7@printfriendly.com,M,201503
945,Boniface,Drewitt,bdrewittq8@cnbc.com,M,476765
946,Alessandro,Paffitt,apaffittq9@paginegialle.it,M,194825
947,Walliw,Drennan,wdrennanqa@disqus.com,F,482560
948,Veronika,Nardi,vnardiqb@instagram.com,F,439438
949,Hector,Tebbe,htebbeqc@businessinsider.com,M,184202
950,Merle,Delacroix,mdelacroixqd@free.fr,F,388028
951,Hurley,Thursfield,hthursfieldqe@tumblr.com,M,345986
952,Devlen,Ever,deverqf@japanpost.jp,M,421949
953,Claus,Camfield,ccamfieldqg@epa.gov,M,491206
954,Sybille,,sstringmanqh@usatoday.com,F,
955,Ruprecht,Tramel,rtramelqi@163.com,M,391133
956,Reginald,Cottie,rcottieqj@imdb.com,M,226643
957,Zilvia,Riddall,zriddallqk@wiley.com,F,
958,Filmore,Care,fcareql@bing.com,M,90637
959,Amy,Tolworthie,atolworthieqm@accuweather.com,F,259821
960,Doralia,Brownsall,dbrownsallqn@t-online.de,F,426311
961,Ellynn,Trevallion,etrevallionqo@histats.com,F,
962,Abbe,,amosdillqp@w3.org,M,
963,Addia,Sevior,aseviorqq@reuters.com,F,355560
964,Billi,Woolforde,bwoolfordeqr@forbes.com,F,
965,Shellysheldon,Spearing,sspearingqs@theatlantic.com,M,522744
966,Berny,Wadlow,bwadlowqt@exblog.jp,M,446683
967,Terrell,Manson,tmansonqu@scientificamerican.com,M,301947
968,Abdel,Cosham,acoshamqv@godaddy.com,M,106589
969,Joelle,Smallwood,jsmallwoodqw@squidoo.com,F,168936
970,Rici,Trillo,rtrilloqx@gravatar.com,F,594257
971,Agretha,Craigmile,acraigmileqy@opera.com,F,467364
972,Hortense,Follit,hfollitqz@miitbeian.gov.cn,F,106611
973,Clarissa,Houchen,chouchenr0@examiner.com,F,495345
974,Reinaldos,Alfonso,ralfonsor1@cisco.com,M,213527
975,Katina,Sidebotham,ksidebothamr2@creativecommons.org,F,552895
976,Flemming,Crippin,fcrippinr3@amazonaws.com,M,
977,Allene,Kocher,akocherr4@hubpages.com,F,145760
978,Rodney,Tilne,rtilner5@yahoo.co.jp,M,305258
979,Cyrille,McLean,cmcleanr6@nature.com,M,
980,Bamby,Horsell,bhorsellr7@ocn.ne.jp,F,351534
981,Aurie,Glentz,aglentzr8@dailymotion.com,F,402985
982,Rodolfo,Jacobsohn,rjacobsohnr9@bing.com,M,410652
983,Oswald,Seely,oseelyra@goo.ne.jp,M,75475
984,Meara,Robens,mrobensrb@wikimedia.org,F,162646
985,Ricky,McClaughlin,rmcclaughlinrc@issuu.com,M,302141
986,Merissa,Farthin,mfarthinrd@google.com,F,570175
987,Pooh,Eidelman,peidelmanre@mediafire.com,M,115408
988,Aigneis,Peatheyjohns,apeatheyjohnsrf@yellowpages.com,F,227664
989,Traci,Whisson,twhissonrg@phpbb.com,F,230336
990,Ozzie,Coggan,ocogganrh@taobao.com,M,359501
991,Ernesta,Scupham,escuphamri@ocn.ne.jp,F,308918
992,Ermentrude,Goreway,egorewayrj@123-reg.co.uk,F,62966
993,Chrisy,Keatley,ckeatleyrk@google.co.uk,M,385496
994,Basil,Pelman,bpelmanrl@cargocollective.com,M,530263
995,Bradly,Impy,bimpyrm@ow.ly,M,226311
996,Cecilius,Thandi,cthandirn@webmd.com,M,235472
997,Angelita,Cadany,acadanyro@domainmarket.com,F,497187
998,Henrieta,MacAlpin,hmacalpinrp@theguardian.com,F,163738
999,Kessia,Walsh,kwalshrq@hexun.com,F,398477
1000,Aldon,Claxton,aclaxtonrr@cafepress.com,M,493843
